,author,content,created_at,headline,id,images,source,summary,symbols,updated_at,url
0,Lisa Levin,,2023-08-24T11:18:19Z,"Nvidia, C3.ai And Other Big Stocks Moving Higher In Thursday's Pre-Market Session",34020923,"[{'size': 'large', 'url': 'https://cdn.benzinga.com/files/imagecache/2048x1536xUP/images/story/2023/08/24/nvidia-logo_1.jpg'}, {'size': 'small', 'url': 'https://cdn.benzinga.com/files/imagecache/1024x768xUP/images/story/2023/08/24/nvidia-logo_1.jpg'}, {'size': 'thumb', 'url': 'https://cdn.benzinga.com/files/imagecache/250x187xUP/images/story/2023/08/24/nvidia-logo_1.jpg'}]",benzinga,U.S. stock futures traded mostly higher this morning on Thursday. Here are some big stocks recording gains in today’s pre-market trading session.,"['AI', 'MSFT', 'NVDA', 'PLTR', 'SOUN', 'TSLA', 'U']",2023-08-24T11:18:40Z,https://www.benzinga.com/news/23/08/34020923/nvidia-c3-ai-and-other-big-stocks-moving-higher-in-thursdays-pre-market-session
1,Anan Ashraf,,2023-08-24T05:10:49Z,Want To Attend The Cybertruck Delivery Event? Tesla's Referral Credits Hold The Key,34017194,"[{'size': 'large', 'url': 'https://cdn.benzinga.com/files/imagecache/2048x1536xUP/images/story/2023/Madrid,,Spain,-,February,23,,2023:,Elon,Musk,Tweets,About.jpeg'}, {'size': 'small', 'url': 'https://cdn.benzinga.com/files/imagecache/1024x768xUP/images/story/2023/Madrid,,Spain,-,February,23,,2023:,Elon,Musk,Tweets,About.jpeg'}, {'size': 'thumb', 'url': 'https://cdn.benzinga.com/files/imagecache/250x187xUP/images/story/2023/Madrid,,Spain,-,February,23,,2023:,Elon,Musk,Tweets,About.jpeg'}]",benzinga,"Users with 30,000 referral credits can redeem it for an invitation to the upcoming Cybertruck delivery event which will be held in Texas.",['TSLA'],2023-08-24T05:10:49Z,https://www.benzinga.com/news/23/08/34017194/want-to-attend-the-cybertruck-delivery-event-teslas-referral-credits-hold-the-key
2,Benzinga Neuro,,2023-08-24T03:41:24Z,"Leaked Email Shows Elon Musk Calling For High Standard Of Quality In Cybertruck Production: 'If Lego And Soda Cans Do It, So Can We'",34016817,"[{'size': 'large', 'url': 'https://cdn.benzinga.com/files/imagecache/2048x1536xUP/images/story/2023/Tesla_cybertruck_Photo_by_arda_savasciogullari_on_Shutterstock_8.jpeg'}, {'size': 'small', 'url': 'https://cdn.benzinga.com/files/imagecache/1024x768xUP/images/story/2023/Tesla_cybertruck_Photo_by_arda_savasciogullari_on_Shutterstock_8.jpeg'}, {'size': 'thumb', 'url': 'https://cdn.benzinga.com/files/imagecache/250x187xUP/images/story/2023/Tesla_cybertruck_Photo_by_arda_savasciogullari_on_Shutterstock_8.jpeg'}]",benzinga, ,['TSLA'],2023-08-24T03:41:25Z,https://www.benzinga.com/news/23/08/34016817/leaked-email-shows-elon-musk-calling-for-high-standard-of-quality-in-cybertruck-production-if-lego-a
3,Anan Ashraf,,2023-08-24T03:05:34Z,"Tesla CEO Elon Musk Fuels Excitement Around Cybertruck, Says Will Announce Delivery Date, Specs Once 'Ready'",34016676,"[{'size': 'large', 'url': 'https://cdn.benzinga.com/files/imagecache/2048x1536xUP/images/story/2023/Tesla_Cybertruck_18.jpeg'}, {'size': 'small', 'url': 'https://cdn.benzinga.com/files/imagecache/1024x768xUP/images/story/2023/Tesla_Cybertruck_18.jpeg'}, {'size': 'thumb', 'url': 'https://cdn.benzinga.com/files/imagecache/250x187xUP/images/story/2023/Tesla_Cybertruck_18.jpeg'}]",benzinga, ,['TSLA'],2023-08-24T03:05:34Z,https://www.benzinga.com/news/23/08/34016676/tesla-ceo-elon-musk-fuels-excitement-around-cybertruck-says-will-announce-delivery-date-specs-once-r
4,Henry Khederian,,2023-08-23T23:43:22Z,What's Going On With Tesla Stock Today,34015754,"[{'size': 'large', 'url': 'https://cdn.benzinga.com/files/imagecache/2048x1536xUP/images/story/2023/08/23/elon-musk-6222396.jpg'}, {'size': 'small', 'url': 'https://cdn.benzinga.com/files/imagecache/1024x768xUP/images/story/2023/08/23/elon-musk-6222396.jpg'}, {'size': 'thumb', 'url': 'https://cdn.benzinga.com/files/imagecache/250x187xUP/images/story/2023/08/23/elon-musk-6222396.jpg'}]",benzinga,"Tesla Inc (NASDAQ: TSLA) shares are trading higher by 4.8% to $240.43 across Wednesday&#39;s regular and after-hours session amid broader tech sector strength. Shares of several tech stocks are trading higher in sympathy with NVIDIA, which reported strong second-quarter finan",['TSLA'],2023-08-24T00:12:51Z,https://www.benzinga.com/news/23/08/34015754/whats-going-on-with-tesla-stock-today
5,Benzinga EV Insights,,2023-08-23T20:06:16Z,Elon Musk Says Cybertruck Is Tesla's 'Best Product Ever',34011292,"[{'size': 'large', 'url': 'https://cdn.benzinga.com/files/imagecache/2048x1536xUP/images/story/2023/08/23/cybersnow.png'}, {'size': 'small', 'url': 'https://cdn.benzinga.com/files/imagecache/1024x768xUP/images/story/2023/08/23/cybersnow.png'}, {'size': 'thumb', 'url': 'https://cdn.benzinga.com/files/imagecache/250x187xUP/images/story/2023/08/23/cybersnow.png'}]",benzinga,"Elon Musk, CEO of Tesla Inc (NASDAQ: TSLA), took to X (formerly Twitter) Wednesday to post an image of himself seated in the driver&#39;s seat of what he termed a &#34;production candidate&#34; Cybertruck.",['TSLA'],2023-08-23T20:06:17Z,https://www.benzinga.com/top-stories/23/08/34011292/elon-musk-says-cybertruck-is-teslas-best-product-ever
6,Volumeleaders.com,,2023-08-23T19:10:37Z,Anticipating Reversals By Understanding Institutional Positioning,34011288,"[{'size': 'large', 'url': 'https://cdn.benzinga.com/files/imagecache/2048x1536xUP/images/story/2023/08/23/regularguy-eth-w9codxtsfts-unsplash.jpg'}, {'size': 'small', 'url': 'https://cdn.benzinga.com/files/imagecache/1024x768xUP/images/story/2023/08/23/regularguy-eth-w9codxtsfts-unsplash.jpg'}, {'size': 'thumb', 'url': 'https://cdn.benzinga.com/files/imagecache/250x187xUP/images/story/2023/08/23/regularguy-eth-w9codxtsfts-unsplash.jpg'}]",benzinga,"Summary


	Institutions establish positions and then defend them, and the levels at which their largest trades arrive can be used to establish bias and define risk. 
	Positioning precedes trend reversals. Understanding when and where institutions trade with conviction provides valuable insight.
","['AAPL', 'IWY', 'META', 'MSFT', 'QQQ', 'SQQQ', 'TQQQ', 'TSLA']",2023-08-23T19:14:44Z,https://www.benzinga.com/23/08/34011288/anticipating-reversals-by-understanding-institutional-positioning
7,Happy Mohamed,,2023-08-23T17:48:35Z,"Elon Musk Tweets ""Just Drove The Production Candidate Cybertruck At Tesla Giga Texas!""",34009869,[],benzinga,,['TSLA'],2023-08-23T17:48:36Z,https://www.benzinga.com/news/23/08/34009869/elon-musk-tweets-just-drove-the-production-candidate-cybertruck-at-tesla-giga-texas
8,Benzinga Insights,,2023-08-23T17:35:20Z,10 Consumer Discretionary Stocks Whale Activity In Today's Session,34009672,"[{'size': 'large', 'url': 'https://cdn.benzinga.com/files/imagecache/2048x1536xUP/images/story/2023/options_image_0.jpeg'}, {'size': 'small', 'url': 'https://cdn.benzinga.com/files/imagecache/1024x768xUP/images/story/2023/options_image_0.jpeg'}, {'size': 'thumb', 'url': 'https://cdn.benzinga.com/files/imagecache/250x187xUP/images/story/2023/options_image_0.jpeg'}]",benzinga, ,"['BURL', 'CMG', 'CVNA', 'FL', 'LULU', 'MCD', 'RH', 'SBUX', 'TSLA', 'ULTA']",2023-08-23T17:35:20Z,https://www.benzinga.com/markets/options/23/08/34009672/10-consumer-discretionary-stocks-whale-activity-in-todays-session
9,The Arora Report,,2023-08-23T15:46:28Z,Nvidia – King Of AI Becomes King Of Stock Market,34007819,"[{'size': 'large', 'url': 'https://cdn.benzinga.com/files/imagecache/2048x1536xUP/yiorgos-ntrahas-mcauhlgirvs-unsplash_1_2.jpg'}, {'size': 'small', 'url': 'https://cdn.benzinga.com/files/imagecache/1024x768xUP/yiorgos-ntrahas-mcauhlgirvs-unsplash_1_2.jpg'}, {'size': 'thumb', 'url': 'https://cdn.benzinga.com/files/imagecache/250x187xUP/yiorgos-ntrahas-mcauhlgirvs-unsplash_1_2.jpg'}]",benzinga,"To gain an edge, this is what you need to know today.

","['AAPL', 'AMD', 'AMZN', 'ANF', 'BTCUSD', 'DKS', 'FL', 'GLD', 'GOOG', 'LULU', 'META', 'MSFT', 'NKE', 'NVDA', 'PTON', 'QQQ', 'SLV', 'SMH', 'SPY', 'TSLA', 'UA', 'USO']",2023-08-23T15:50:13Z,https://www.benzinga.com/news/small-cap/23/08/34007819/nvidia-king-of-ai-becomes-king-of-stock-market
10,Benzinga Newsdesk,,2023-08-23T13:32:20Z,"Top 10 Stocks On WallStreetBets As Of August 23, 2023 (Via Swaggy Stocks)",34004366,[],benzinga,,"['AAPL', 'AI', 'AMC', 'AMD', 'MRNA', 'NVDA', 'PFE', 'PTON', 'QQQ', 'TSLA']",2023-08-23T13:32:20Z,https://www.benzinga.com/trading-ideas/23/08/34004366/top-10-stocks-on-wallstreetbets-as-of-august-23-2023-via-swaggy-stocks
11,Ramakrishnan M,,2023-08-23T13:07:51Z,"Lucid CEO Peter Rawlinson Admits Price Cuts Are Working, Teases Gravity Debut",34003592,"[{'size': 'large', 'url': 'https://cdn.benzinga.com/files/imagecache/2048x1536xUP/images/story/2023/Rawlinson.jpeg'}, {'size': 'small', 'url': 'https://cdn.benzinga.com/files/imagecache/1024x768xUP/images/story/2023/Rawlinson.jpeg'}, {'size': 'thumb', 'url': 'https://cdn.benzinga.com/files/imagecache/250x187xUP/images/story/2023/Rawlinson.jpeg'}]",benzinga,"While specific figures weren&#39;t disclosed, Rawlinson indicated that the price adjustments have led to increased sales and heightened product interest. ","['LCID', 'TSLA']",2023-08-23T13:07:52Z,https://www.benzinga.com/news/23/08/34003592/lucid-ceo-peter-rawlinson-admits-price-cuts-are-working-teases-gravity-debut
12,Anan Ashraf,,2023-08-23T12:15:00Z,Elon Musk Reacts To Curious Pattern In Tesla's Meteoric Revenue Surge Over Years: 'Almost Like There's A Trend',34002979,"[{'size': 'large', 'url': 'https://cdn.benzinga.com/files/imagecache/2048x1536xUP/images/story/2023/Elon_Musk_Tesla_laughing_16.jpeg'}, {'size': 'small', 'url': 'https://cdn.benzinga.com/files/imagecache/1024x768xUP/images/story/2023/Elon_Musk_Tesla_laughing_16.jpeg'}, {'size': 'thumb', 'url': 'https://cdn.benzinga.com/files/imagecache/250x187xUP/images/story/2023/Elon_Musk_Tesla_laughing_16.jpeg'}]",benzinga,"The conversation began with Jon Erlichman, a CTV National News anchor, sharing a fascinating perspective on Tesla&#39;s revenue milestones.","['RIVN', 'TSLA']",2023-08-23T12:51:35Z,https://www.benzinga.com/news/23/08/34002979/elon-musk-reacts-to-curious-pattern-in-teslas-meteoric-revenue-surge-over-years-almost-like-theres-a
13,Adam Eckert,,2023-08-23T12:39:51Z,Tesla Stock Is Sliding Today: What's Going On?,34002616,"[{'size': 'large', 'url': 'https://cdn.benzinga.com/files/imagecache/2048x1536xUP/images/story/2023/08/23/0x0-models_01.jpg'}, {'size': 'small', 'url': 'https://cdn.benzinga.com/files/imagecache/1024x768xUP/images/story/2023/08/23/0x0-models_01.jpg'}, {'size': 'thumb', 'url': 'https://cdn.benzinga.com/files/imagecache/250x187xUP/images/story/2023/08/23/0x0-models_01.jpg'}]",benzinga,Tesla Inc (NASDAQ: TSLA) shares are trading lower Wednesday following reports the EV maker lowered production targets at Gigafactory Berlin-Br,['TSLA'],2023-08-23T12:39:52Z,https://www.benzinga.com/news/23/08/34002616/tesla-stock-is-sliding-today-whats-going-on
14,Shanthi Rexaline,,2023-08-23T10:15:00Z,"Cybertruck Launch Could Triple Tesla Stock By 2030, Says Fund Manager: 'Expect It To Ignite Interest In Entire Franchise'",34001154,"[{'size': 'large', 'url': 'https://cdn.benzinga.com/files/imagecache/2048x1536xUP/images/story/2023/Szczecin,poland-october,2020:,Tesla,Cybertruck,In,An,Industrial,Urban,,3d,Illustration..jpeg'}, {'size': 'small', 'url': 'https://cdn.benzinga.com/files/imagecache/1024x768xUP/images/story/2023/Szczecin,poland-october,2020:,Tesla,Cybertruck,In,An,Industrial,Urban,,3d,Illustration..jpeg'}, {'size': 'thumb', 'url': 'https://cdn.benzinga.com/files/imagecache/250x187xUP/images/story/2023/Szczecin,poland-october,2020:,Tesla,Cybertruck,In,An,Industrial,Urban,,3d,Illustration..jpeg'}]",benzinga,The fund manager expects Tesla deliveries to leapfrog from 1.85 million in 2023 to 10.2 million by 2030.,['TSLA'],2023-08-23T11:34:26Z,https://www.benzinga.com/analyst-ratings/analyst-color/23/08/34001154/cybertruck-launch-could-triple-tesla-stock-by-2030-says-fund-manager-expect-it-to-i
15,Shanthi Rexaline,,2023-08-23T08:52:57Z,Tesla's 'Biggest Risk' Right Now? Analyst Says This Could Crash 2023 EPS By Up To 35% Below Estimates,33998880,"[{'size': 'large', 'url': 'https://cdn.benzinga.com/files/imagecache/2048x1536xUP/images/story/2023/Stuttgart,,Germany,-,08-11-2023:,Person,Holding,Smartphone,With,Logo,Of.jpeg'}, {'size': 'small', 'url': 'https://cdn.benzinga.com/files/imagecache/1024x768xUP/images/story/2023/Stuttgart,,Germany,-,08-11-2023:,Person,Holding,Smartphone,With,Logo,Of.jpeg'}, {'size': 'thumb', 'url': 'https://cdn.benzinga.com/files/imagecache/250x187xUP/images/story/2023/Stuttgart,,Germany,-,08-11-2023:,Person,Holding,Smartphone,With,Logo,Of.jpeg'}]",benzinga,"Tesla faces earnings risk if it chooses to broaden configurator vehicle price cuts, says Future Fund&#39;s Gary Black.",['TSLA'],2023-08-23T10:27:32Z,https://www.benzinga.com/analyst-ratings/analyst-color/23/08/33998880/teslas-biggest-risk-right-now-analyst-says-this-could-crash-2023-eps-by-up-to-35-be
16,Benzinga Neuro,,2023-08-23T09:36:42Z,Tesla Reportedly Asked Highway Safety Officials To Redact Driver-Assistance Software Data In Crash Reports,33999326,"[{'size': 'large', 'url': 'https://cdn.benzinga.com/files/imagecache/2048x1536xUP/images/story/2023/Elon_Musk_Tesla_2.jpeg'}, {'size': 'small', 'url': 'https://cdn.benzinga.com/files/imagecache/1024x768xUP/images/story/2023/Elon_Musk_Tesla_2.jpeg'}, {'size': 'thumb', 'url': 'https://cdn.benzinga.com/files/imagecache/250x187xUP/images/story/2023/Elon_Musk_Tesla_2.jpeg'}]",benzinga, ,['TSLA'],2023-08-23T09:37:01Z,https://www.benzinga.com/news/23/08/33999326/tesla-reportedly-asked-highway-safety-officials-to-redact-driver-assistance-software-data-in-crash-r
17,Anan Ashraf,,2023-08-23T07:41:43Z,Tesla Offers $500 Rebate On New Powerwall Installations: Here's How to Get Yours,33998357,"[{'size': 'large', 'url': 'https://cdn.benzinga.com/files/imagecache/2048x1536xUP/images/story/2023/York,,Uk,-,June,25,2022:,Tesla,Powerwall,2,And.jpeg'}, {'size': 'small', 'url': 'https://cdn.benzinga.com/files/imagecache/1024x768xUP/images/story/2023/York,,Uk,-,June,25,2022:,Tesla,Powerwall,2,And.jpeg'}, {'size': 'thumb', 'url': 'https://cdn.benzinga.com/files/imagecache/250x187xUP/images/story/2023/York,,Uk,-,June,25,2022:,Tesla,Powerwall,2,And.jpeg'}]",benzinga,The rebate started two months ago on June 15 and pertains to only Powerwall 2 and Powerwall+. ,['TSLA'],2023-08-23T07:41:44Z,https://www.benzinga.com/news/23/08/33998357/tesla-offers-500-rebate-on-new-powerwall-installations-heres-how-to-get-yours
18,Anan Ashraf,,2023-08-23T06:22:02Z,Tesla Ties With Lexus In US Auto Customer Satisfaction But Remains Behind This Foreign Rival,33998027,"[{'size': 'large', 'url': 'https://cdn.benzinga.com/files/imagecache/2048x1536xUP/images/story/2023/Chonburi,,Thailand,-,November,18,2018,:,Toyota,Steering,Wheel.jpeg'}, {'size': 'small', 'url': 'https://cdn.benzinga.com/files/imagecache/1024x768xUP/images/story/2023/Chonburi,,Thailand,-,November,18,2018,:,Toyota,Steering,Wheel.jpeg'}, {'size': 'thumb', 'url': 'https://cdn.benzinga.com/files/imagecache/250x187xUP/images/story/2023/Chonburi,,Thailand,-,November,18,2018,:,Toyota,Steering,Wheel.jpeg'}]",benzinga," Toyota leads mass-market vehicles and the industry overall with a score of 84 out of 100, as per the latest ACSI automobile study.","['GM', 'HMC', 'MZDAY', 'TM', 'TSLA']",2023-08-23T06:22:02Z,https://www.benzinga.com/news/23/08/33998027/tesla-ties-with-lexus-in-us-auto-customer-satisfaction-but-remains-behind-this-foreign-rival
19,Anan Ashraf,,2023-08-23T02:43:02Z,"Elon Musk Highlights Legacy Automakers' Slow EV Uptake, Warns Of Impending 'Kodak Moment'",33997228,"[{'size': 'large', 'url': 'https://cdn.benzinga.com/files/imagecache/2048x1536xUP/images/story/2023/elon_musk_ai4_28.png'}, {'size': 'small', 'url': 'https://cdn.benzinga.com/files/imagecache/1024x768xUP/images/story/2023/elon_musk_ai4_28.png'}, {'size': 'thumb', 'url': 'https://cdn.benzinga.com/files/imagecache/250x187xUP/images/story/2023/elon_musk_ai4_28.png'}]",benzinga, ,"['KODK', 'TSLA']",2023-08-23T02:43:03Z,https://www.benzinga.com/news/23/08/33997228/elon-musk-highlights-legacy-automakers-slow-ev-uptake-warns-of-impending-kodak-moment
20,Benzinga Neuro,,2023-08-23T02:42:30Z,"Tesla Paying $20,000 To Stay On Elon Musk's X Platform Raises Eyebrows",33997226,"[{'size': 'large', 'url': 'https://cdn.benzinga.com/files/imagecache/2048x1536xUP/images/story/2023/Elon_Musk_49.jpeg'}, {'size': 'small', 'url': 'https://cdn.benzinga.com/files/imagecache/1024x768xUP/images/story/2023/Elon_Musk_49.jpeg'}, {'size': 'thumb', 'url': 'https://cdn.benzinga.com/files/imagecache/250x187xUP/images/story/2023/Elon_Musk_49.jpeg'}]",benzinga, ,['TSLA'],2023-08-23T02:42:55Z,https://www.benzinga.com/news/23/08/33997226/tesla-paying-20-000-to-stay-on-elon-musks-x-platform-raises-eyebrows
21,Benzinga Neuro,,2023-08-23T01:37:27Z,"AMTD, VFS, NVAX, DKS, TSLA: Why These 5 Stocks Are Drawing Investor Attention Today",33997001,"[{'size': 'large', 'url': 'https://cdn.benzinga.com/files/imagecache/2048x1536xUP/images/story/2023/Stocks_Photo_by_Phongphan_on_Shutterstock_6.jpeg'}, {'size': 'small', 'url': 'https://cdn.benzinga.com/files/imagecache/1024x768xUP/images/story/2023/Stocks_Photo_by_Phongphan_on_Shutterstock_6.jpeg'}, {'size': 'thumb', 'url': 'https://cdn.benzinga.com/files/imagecache/250x187xUP/images/story/2023/Stocks_Photo_by_Phongphan_on_Shutterstock_6.jpeg'}]",benzinga, ,"['AMTD', 'DKS', 'NVAX', 'TSLA', 'VFS']",2023-08-23T01:50:58Z,https://www.benzinga.com/23/08/33997001/amtd-vfs-nvax-dks-tsla-why-these-5-stocks-are-drawing-investor-attention-today
22,Chris Katje,,2023-08-22T22:49:49Z,How Many Cybertruck Reservations Are There? Tesla Fans Predict A Staggering Total Ahead Of Launch,33995360,"[{'size': 'large', 'url': 'https://cdn.benzinga.com/files/imagecache/2048x1536xUP/images/story/2023/08/22/0x0-cybertruck_14.jpg'}, {'size': 'small', 'url': 'https://cdn.benzinga.com/files/imagecache/1024x768xUP/images/story/2023/08/22/0x0-cybertruck_14.jpg'}, {'size': 'thumb', 'url': 'https://cdn.benzinga.com/files/imagecache/250x187xUP/images/story/2023/08/22/0x0-cybertruck_14.jpg'}]",benzinga,"One of the most anticipated vehicle launches of all time is nearing its launch date: the Cybertruck electric pickup truck from Tesla Inc (NASDAQ: TSLA).

The launch and subsequent production and deliveries of the Cybertruck are expected to be a major catalyst for Tesla going forward.","['F', 'GM', 'STLA', 'TSLA']",2023-08-22T22:49:50Z,https://www.benzinga.com/news/23/08/33995360/how-many-cybertruck-reservations-are-there-tesla-fans-predict-a-staggering-total-ahead-of-launch
23,AJ Fabino,,2023-08-22T20:30:12Z,"Did Apple Shower Warren Buffett With $645M This Year? Yes, They Did: The Power Of Dividends",33994092,"[{'size': 'large', 'url': 'https://cdn.benzinga.com/files/imagecache/2048x1536xUP/images/story/2023/aapl_ai2.jpeg'}, {'size': 'small', 'url': 'https://cdn.benzinga.com/files/imagecache/1024x768xUP/images/story/2023/aapl_ai2.jpeg'}, {'size': 'thumb', 'url': 'https://cdn.benzinga.com/files/imagecache/250x187xUP/images/story/2023/aapl_ai2.jpeg'}]",benzinga, ,"['AAPL', 'BRK', 'CVS', 'FDX', 'HLT', 'IEMG', 'IVV', 'JNJ', 'LOW', 'NVDA', 'PEP', 'PG', 'QCOM', 'QSR', 'SB', 'SBLK', 'SIG', 'TSLA']",2023-08-22T20:31:00Z,https://www.benzinga.com/news/large-cap/23/08/33994092/did-apple-shower-warren-buffett-with-645m-yes-they-did-the-power-of-dividends
24,Shanthi Rexaline,,2023-08-22T17:48:59Z,Stocks Dip On Rate Worries; Nvidia Backtracks From Record: What's Driving Markets Tuesday?,33979928,"[{'size': 'large', 'url': 'https://cdn.benzinga.com/files/imagecache/2048x1536xUP/images/story/2023/Wall_Street.jpeg'}, {'size': 'small', 'url': 'https://cdn.benzinga.com/files/imagecache/1024x768xUP/images/story/2023/Wall_Street.jpeg'}, {'size': 'thumb', 'url': 'https://cdn.benzinga.com/files/imagecache/250x187xUP/images/story/2023/Wall_Street.jpeg'}]",benzinga,"Near midday during New York’s trading session, a momentum shift rippled through all indices, offsetting Monday’s gains. S&amp;P Global Ratings downgraded five U.S.","['BIDU', 'BJ', 'BTCUSD', 'COTY', 'CSIQ', 'DIA', 'DKS', 'FEZ', 'FXE', 'HAS', 'LZB', 'M', 'MDT', 'NVDA', 'QQQ', 'SCHW', 'SPY', 'TLT', 'TOL', 'TSLA', 'URBN', 'USO', 'UUP', 'XLF', 'XLRE', 'ZM']",2023-08-22T19:01:48Z,https://www.benzinga.com/news/earnings/23/08/33979928/us-stocks-set-to-extend-rally-as-fed-speeches-nvidia-q2-print-loom-analyst-says-dont-panic-as-pullb
25,Benzinga Insights,,2023-08-22T17:35:20Z,10 Consumer Discretionary Stocks Whale Activity In Today's Session,33990692,"[{'size': 'large', 'url': 'https://cdn.benzinga.com/files/imagecache/2048x1536xUP/images/story/2023/options_image_4.jpeg'}, {'size': 'small', 'url': 'https://cdn.benzinga.com/files/imagecache/1024x768xUP/images/story/2023/options_image_4.jpeg'}, {'size': 'thumb', 'url': 'https://cdn.benzinga.com/files/imagecache/250x187xUP/images/story/2023/options_image_4.jpeg'}]",benzinga, ,"['ASO', 'BBY', 'DKS', 'DPZ', 'GPS', 'HD', 'LVS', 'RCL', 'TSLA', 'WOOF']",2023-08-22T17:35:20Z,https://www.benzinga.com/markets/options/23/08/33990692/10-consumer-discretionary-stocks-whale-activity-in-todays-session
26,Erica Kollmann,,2023-08-22T16:08:45Z,What's Going On With Lucid Group Stock?,33988142,"[{'size': 'large', 'url': 'https://cdn.benzinga.com/files/imagecache/2048x1536xUP/images/story/2023/08/22/lcid_lucid_stock_.jpg'}, {'size': 'small', 'url': 'https://cdn.benzinga.com/files/imagecache/1024x768xUP/images/story/2023/08/22/lcid_lucid_stock_.jpg'}, {'size': 'thumb', 'url': 'https://cdn.benzinga.com/files/imagecache/250x187xUP/images/story/2023/08/22/lcid_lucid_stock_.jpg'}]",benzinga,"Lucid Group, Inc. (NASDAQ: LCID) shares are trading lower Tuesday.","['LCID', 'TSLA']",2023-08-22T16:08:46Z,https://www.benzinga.com/news/23/08/33988142/whats-going-on-with-lucid-group-stock
27,Upwallstreet,,2023-08-22T15:33:54Z,Today's EV Updates,33987957,"[{'size': 'large', 'url': 'https://cdn.benzinga.com/files/imagecache/2048x1536xUP/6295635.jpg'}, {'size': 'small', 'url': 'https://cdn.benzinga.com/files/imagecache/1024x768xUP/6295635.jpg'}, {'size': 'thumb', 'url': 'https://cdn.benzinga.com/files/imagecache/250x187xUP/6295635.jpg'}]",benzinga,"The American EV startup Fisker Inc (NYSE: FSR), who is the latest automaker to adopt the charging technology developed by the EV king, Tesla Inc (NASDAQ: TSLA), just revealed further details of its electric pickup whose launch is scheduled for 20","['FSR', 'HYMTF', 'TSLA', 'WKSP', 'WKSPW']",2023-08-22T15:34:54Z,https://www.benzinga.com/23/08/33987957/todays-ev-updates
28,Benzinga Newsdesk,,2023-08-22T15:32:45Z,'Tesla To Resume Giga Shanghai Phase 1 Battery Plant To Support Project Highland: Report' - TESLARATI,33987936,[],benzinga,,['TSLA'],2023-08-22T15:32:46Z,https://www.benzinga.com/news/23/08/33987936/tesla-to-resume-giga-shanghai-phase-1-battery-plant-to-support-project-highland-report-teslarati
29,The Arora Report,,2023-08-22T15:09:30Z,Positive Stock Market Sentiment From Wall Street Positioning For Another Leg Of AI Frenzy And PPT Buying Stocks In China,33987156,"[{'size': 'large', 'url': 'https://cdn.benzinga.com/files/imagecache/2048x1536xUP/yiorgos-ntrahas-mcauhlgirvs-unsplash_3.jpg'}, {'size': 'small', 'url': 'https://cdn.benzinga.com/files/imagecache/1024x768xUP/yiorgos-ntrahas-mcauhlgirvs-unsplash_3.jpg'}, {'size': 'thumb', 'url': 'https://cdn.benzinga.com/files/imagecache/250x187xUP/yiorgos-ntrahas-mcauhlgirvs-unsplash_3.jpg'}]",benzinga,"To gain an edge, this is what you need to know today.

","['AAPL', 'AMZN', 'BTCUSD', 'CMA', 'DKS', 'GLD', 'GOOG', 'KEY', 'LOW', 'META', 'MSFT', 'NVDA', 'QQQ', 'SLV', 'SPY', 'TSLA', 'USO']",2023-08-22T15:22:19Z,https://www.benzinga.com/23/08/33987156/positive-stock-market-sentiment-from-wall-street-positioning-for-another-leg-of-ai-frenzy-and-ppt-bu
30,Erica Kollmann,,2023-08-22T15:18:33Z,What's Going On With Nikola Corporation Stock?,33986786,"[{'size': 'large', 'url': 'https://cdn.benzinga.com/files/imagecache/2048x1536xUP/images/story/2023/08/22/nikola_corporation_nkla_stock_ev_tsla_tesla.jpeg'}, {'size': 'small', 'url': 'https://cdn.benzinga.com/files/imagecache/1024x768xUP/images/story/2023/08/22/nikola_corporation_nkla_stock_ev_tsla_tesla.jpeg'}, {'size': 'thumb', 'url': 'https://cdn.benzinga.com/files/imagecache/250x187xUP/images/story/2023/08/22/nikola_corporation_nkla_stock_ev_tsla_tesla.jpeg'}]",benzinga,Nikola Corporation (NASDAQ: NKLA) shares are lower Tuesday.,"['NKLA', 'TSLA']",2023-08-22T15:18:34Z,https://www.benzinga.com/news/23/08/33986786/whats-going-on-with-nikola-corporation-stock
31,Benzinga Newsdesk,,2023-08-22T13:37:25Z,"Top 10 Stocks On WallStreetBets As Of August 22, 2023 (Via Swaggy Stocks)",33984736,[],benzinga,,"['AAPL', 'AI', 'AMD', 'DKS', 'GLD', 'META', 'NVDA', 'PYPL', 'QQQ', 'TSLA']",2023-08-22T13:37:25Z,https://www.benzinga.com/trading-ideas/23/08/33984736/top-10-stocks-on-wallstreetbets-as-of-august-22-2023-via-swaggy-stocks
32,Benzinga Newsdesk,,2023-08-22T13:15:33Z,"Tesla, Chinese Automakers Set To Miss 2023 Sales Growth Target; Tesla And Chinese Automakers Such As BYD Are All Expected To Miss Their Sales Growth Projections For 2023 By At Least 50%, According To Industry Sources In China",33984190,[],benzinga,,"['BYDDF', 'TSLA']",2023-08-22T13:15:34Z,https://www.benzinga.com/news/23/08/33984190/tesla-chinese-automakers-set-to-miss-2023-sales-growth-target-tesla-and-chinese-automakers-such-as-b
33,Ramakrishnan M,,2023-08-22T12:34:43Z,A Chinese Smartphone Giant Has Picked Tesla And Xpeng's Battery Suppliers To Power Its EVs,33981734,"[{'size': 'large', 'url': 'https://cdn.benzinga.com/files/imagecache/2048x1536xUP/images/story/2023/Beijing,,China,-,October,21,,2021,:,Photo,Of,A.jpeg'}, {'size': 'small', 'url': 'https://cdn.benzinga.com/files/imagecache/1024x768xUP/images/story/2023/Beijing,,China,-,October,21,,2021,:,Photo,Of,A.jpeg'}, {'size': 'thumb', 'url': 'https://cdn.benzinga.com/files/imagecache/250x187xUP/images/story/2023/Beijing,,China,-,October,21,,2021,:,Photo,Of,A.jpeg'}]",benzinga,Xiaomi has chosen CALB and  CATL as its tier-1 and tier-2 battery suppliers.,"['BYDDF', 'BYDDY', 'TSLA', 'XIACY', 'XPEV']",2023-08-22T12:34:43Z,https://www.benzinga.com/markets/asia/23/08/33981734/a-chinese-smartphone-giant-has-picked-tesla-and-xpengs-battery-suppliers-to-power-its-evs
34,Shanthi Rexaline,,2023-08-22T11:40:56Z,Tesla Stock Driving Toward Gains For 2nd Day: What's Going On?,33980358,"[{'size': 'large', 'url': 'https://cdn.benzinga.com/files/imagecache/2048x1536xUP/images/story/2023/Tesla_stock_13.jpeg'}, {'size': 'small', 'url': 'https://cdn.benzinga.com/files/imagecache/1024x768xUP/images/story/2023/Tesla_stock_13.jpeg'}, {'size': 'thumb', 'url': 'https://cdn.benzinga.com/files/imagecache/250x187xUP/images/story/2023/Tesla_stock_13.jpeg'}]",benzinga,Tesla&#39;s oversold levels following a six-session losing streak has brought in bargain hunters and the stock is up in premarket Tuesday.,['TSLA'],2023-08-22T11:40:56Z,https://www.benzinga.com/markets/equities/23/08/33980358/tesla-stock-driving-toward-gains-for-2nd-day-whats-going-on
35,Shomik Sen Bhattacharjee,,2023-08-22T10:20:34Z,Tesla Inching Closer To India Debut? Spy Shots Of Model Y At Mahindra Facility Build Up Buzz,33977786,"[{'size': 'large', 'url': 'https://cdn.benzinga.com/files/imagecache/2048x1536xUP/images/story/2023/08/22/shutterstock_2263245917.jpg'}, {'size': 'small', 'url': 'https://cdn.benzinga.com/files/imagecache/1024x768xUP/images/story/2023/08/22/shutterstock_2263245917.jpg'}, {'size': 'thumb', 'url': 'https://cdn.benzinga.com/files/imagecache/250x187xUP/images/story/2023/08/22/shutterstock_2263245917.jpg'}]",benzinga,This story was first published on the Benzinga India portal.,['TSLA'],2023-08-22T10:20:35Z,https://www.benzinga.com/news/23/08/33977786/tesla-inching-closer-to-india-debut-spy-shots-of-model-y-at-mahindra-facility-build-up-buzz
36,Shanthi Rexaline,,2023-08-22T09:43:07Z,Jim Cramer Dives Deep Into Nvidia's 'Really Incredible' Monday Surge: What Stock's Short Interest Looks Like Ahead Of Q2 Print,33978390,"[{'size': 'large', 'url': 'https://cdn.benzinga.com/files/imagecache/2048x1536xUP/images/story/2023/Nvidia_20.jpeg'}, {'size': 'small', 'url': 'https://cdn.benzinga.com/files/imagecache/1024x768xUP/images/story/2023/Nvidia_20.jpeg'}, {'size': 'thumb', 'url': 'https://cdn.benzinga.com/files/imagecache/250x187xUP/images/story/2023/Nvidia_20.jpeg'}]",benzinga,"Nvidia stock may have been a beneficiary of short covering, says Jim Cramer, and a beat-and-raise quarter could lead to a short squeeze.","['AMD', 'META', 'NVDA', 'PANW', 'TSLA']",2023-08-22T09:43:07Z,https://www.benzinga.com/analyst-ratings/analyst-color/23/08/33978390/jim-cramer-dives-deep-into-nvidias-really-incredible-monday-surge-what-stocks-short
37,Charles Gross,,2023-08-22T09:30:09Z,Tesla Granted U.S. Patent #11734095: System And Method For Handling Errors In A Vehicle Neural Network Processor,33978290,[],benzinga,,['TSLA'],2023-08-22T09:30:09Z,https://www.benzinga.com/fintech/23/08/33978290/tesla-granted-u-s-patent-11734095-system-and-method-for-handling-errors-in-a-vehicle-neural-network
38,Ramakrishnan M,,2023-08-22T07:51:10Z,Elon Musk Loses Key Tesla Engineer Behind Roadster To EV Startup Founded By Ex-Colleague,33977548,"[{'size': 'large', 'url': 'https://cdn.benzinga.com/files/imagecache/2048x1536xUP/images/story/2023/Tesla_Photo_by_Mike_Mareen_on_Shutterstock_1.jpeg'}, {'size': 'small', 'url': 'https://cdn.benzinga.com/files/imagecache/1024x768xUP/images/story/2023/Tesla_Photo_by_Mike_Mareen_on_Shutterstock_1.jpeg'}, {'size': 'thumb', 'url': 'https://cdn.benzinga.com/files/imagecache/250x187xUP/images/story/2023/Tesla_Photo_by_Mike_Mareen_on_Shutterstock_1.jpeg'}]",benzinga,"One of Elon Musk-led Tesla&#39;s key engineering figures, Colin Campbell, is bidding farewell to the EV giant after 17 years of service. ",['TSLA'],2023-08-22T08:53:31Z,https://www.benzinga.com/23/08/33977548/elon-musk-loses-key-tesla-engineer-behind-roadster-to-ev-startup-founded-by-ex-colleague
39,Shanthi Rexaline,,2023-08-22T06:25:26Z,"Tesla Revs Up Cybertruck Mass Production For Fall Delivery Spectacle, Pricing Clues Emerge From New Report",33977062,"[{'size': 'large', 'url': 'https://cdn.benzinga.com/files/imagecache/2048x1536xUP/images/story/2023/Surakarta,,Indonesia,-,October,20,2022,:,Tesla,Cybertruck,Electric_1.jpeg'}, {'size': 'small', 'url': 'https://cdn.benzinga.com/files/imagecache/1024x768xUP/images/story/2023/Surakarta,,Indonesia,-,October,20,2022,:,Tesla,Cybertruck,Electric_1.jpeg'}, {'size': 'thumb', 'url': 'https://cdn.benzinga.com/files/imagecache/250x187xUP/images/story/2023/Surakarta,,Indonesia,-,October,20,2022,:,Tesla,Cybertruck,Electric_1.jpeg'}]",benzinga,"Mass movement of Cybertucks out of Giga Austin has lend credence to rumors that production has started in earnest in time for fall delivery, a report says.","['F', 'TSLA']",2023-08-22T08:45:58Z,https://www.benzinga.com/23/08/33977062/tesla-revs-up-cybertruck-mass-production-for-fall-delivery-spectacle-pricing-clues-emerge-from-new-r
40,Benzinga Neuro,,2023-08-22T05:06:21Z,Tesla Investor Says EV Giant And Nvidia's AI-GPU Fusion Is The 'Future' Now: 'It's All Coming Together',33976696,"[{'size': 'large', 'url': 'https://cdn.benzinga.com/files/imagecache/2048x1536xUP/images/story/2023/Tesla.Shutterstock_4.jpeg'}, {'size': 'small', 'url': 'https://cdn.benzinga.com/files/imagecache/1024x768xUP/images/story/2023/Tesla.Shutterstock_4.jpeg'}, {'size': 'thumb', 'url': 'https://cdn.benzinga.com/files/imagecache/250x187xUP/images/story/2023/Tesla.Shutterstock_4.jpeg'}]",benzinga, ,"['NVDA', 'TSLA']",2023-08-22T05:06:22Z,https://www.benzinga.com/news/23/08/33976696/tesla-investor-says-ev-giant-and-nvidias-ai-gpu-fusion-is-the-future-now-its-all-coming-together
41,Benzinga Neuro,,2023-08-22T02:11:57Z,"Nvidia, Zoom, Moderna, Baidu, Tesla: Why These Five Stocks Are Drawing Investors' Attention Today",33976002,"[{'size': 'large', 'url': 'https://cdn.benzinga.com/files/imagecache/2048x1536xUP/images/story/2023/Stocks_Photo_by_WHYFRAME_on_Shutterstock_17.jpeg'}, {'size': 'small', 'url': 'https://cdn.benzinga.com/files/imagecache/1024x768xUP/images/story/2023/Stocks_Photo_by_WHYFRAME_on_Shutterstock_17.jpeg'}, {'size': 'thumb', 'url': 'https://cdn.benzinga.com/files/imagecache/250x187xUP/images/story/2023/Stocks_Photo_by_WHYFRAME_on_Shutterstock_17.jpeg'}]",benzinga, ,"['BIDU', 'MRNA', 'NVDA', 'TSLA', 'ZM']",2023-08-22T02:11:58Z,https://www.benzinga.com/markets/equities/23/08/33976002/nvidia-zoom-moderna-baidu-tesla-why-these-five-stocks-are-drawing-investors-attention-today
42,Mohit Manghnani,,2023-08-21T11:41:04Z,Tesla's Employee Data Leak and Using Siri for Car Commands: Top Stories For Elon Musk Led EV Company Today,33960465,"[{'size': 'large', 'url': 'https://cdn.benzinga.com/files/imagecache/2048x1536xUP/images/story/2023/08/21/tesla-photo_by_b.zhou_on_shutterstock.jpg'}, {'size': 'small', 'url': 'https://cdn.benzinga.com/files/imagecache/1024x768xUP/images/story/2023/08/21/tesla-photo_by_b.zhou_on_shutterstock.jpg'}, {'size': 'thumb', 'url': 'https://cdn.benzinga.com/files/imagecache/250x187xUP/images/story/2023/08/21/tesla-photo_by_b.zhou_on_shutterstock.jpg'}]",benzinga,"Today&#39;s top stories for Tesla Inc. (NASDAQ: TSLA) encompass a significant data breach, concerns about the safety of its autonomous driving technology, and enhanced integration with Apple&#39;s Siri.",['TSLA'],2023-08-21T21:38:16Z,https://www.benzinga.com/news/23/08/33960465/teslas-employee-data-leak-full-self-driving-problem-and-using-siri-for-car-commands-top-stories-for
43,Aaron Bry,,2023-08-21T21:08:39Z,"Tesla, Nvidia Surge By Same Value As Goldman Sachs, Starbucks In 1 Day",33973181,"[{'size': 'large', 'url': 'https://cdn.benzinga.com/files/imagecache/2048x1536xUP/images/story/2023/08/21/nvidia-large-language-model-services.jpg'}, {'size': 'small', 'url': 'https://cdn.benzinga.com/files/imagecache/1024x768xUP/images/story/2023/08/21/nvidia-large-language-model-services.jpg'}, {'size': 'thumb', 'url': 'https://cdn.benzinga.com/files/imagecache/250x187xUP/images/story/2023/08/21/nvidia-large-language-model-services.jpg'}]",benzinga,"When people on Wall Street call companies like NVIDIA Corp (NASDAQ: NVDA) and Tesla Inc (NASDAQ: TSLA) tech giants, they really aren’t kidding about the giant part.","['ABNB', 'BUD', 'BX', 'CVS', 'GS', 'LMT', 'MO', 'NVDA', 'SBUX', 'SHOP', 'SONY', 'T', 'TSLA']",2023-08-21T21:08:40Z,https://www.benzinga.com/top-stories/23/08/33973181/tesla-nvidia-surge-by-same-value-as-goldman-sachs-starbucks-in-1-day
44,Erica Kollmann,,2023-08-21T19:11:55Z,Why Tesla Stock Is Higher Today,33969471,"[{'size': 'large', 'url': 'https://cdn.benzinga.com/files/imagecache/2048x1536xUP/images/story/2023/08/21/elon_musk_tesla_inc._tsla_stock_.jpg'}, {'size': 'small', 'url': 'https://cdn.benzinga.com/files/imagecache/1024x768xUP/images/story/2023/08/21/elon_musk_tesla_inc._tsla_stock_.jpg'}, {'size': 'thumb', 'url': 'https://cdn.benzinga.com/files/imagecache/250x187xUP/images/story/2023/08/21/elon_musk_tesla_inc._tsla_stock_.jpg'}]",benzinga,"Tesla, Inc. (NASDAQ: TSLA) shares are trading higher Monday after Baird Equity Research added Tesla to its &#34;best ideas&#34; list, according to Reuters.

The Details:","['RIVN', 'TSLA']",2023-08-21T19:11:56Z,https://www.benzinga.com/news/23/08/33969471/why-tesla-stock-is-higher-today
45,Benzinga Insights,,2023-08-21T17:35:24Z,10 Consumer Discretionary Stocks Whale Activity In Today's Session,33968769,"[{'size': 'large', 'url': 'https://cdn.benzinga.com/files/imagecache/2048x1536xUP/images/story/2023/options_image_4.jpeg'}, {'size': 'small', 'url': 'https://cdn.benzinga.com/files/imagecache/1024x768xUP/images/story/2023/options_image_4.jpeg'}, {'size': 'thumb', 'url': 'https://cdn.benzinga.com/files/imagecache/250x187xUP/images/story/2023/options_image_4.jpeg'}]",benzinga, ,"['ABNB', 'CROX', 'CVNA', 'DHI', 'F', 'FIVE', 'LAD', 'TPR', 'TSCO', 'TSLA']",2023-08-21T17:35:24Z,https://www.benzinga.com/markets/options/23/08/33968769/10-consumer-discretionary-stocks-whale-activity-in-todays-session
46,Chris Katje,,2023-08-21T17:20:44Z,Is NVIDIA Overpriced? Cathie Wood's Ark Invest Highlights 3 Other AI Stocks,33966459,"[{'size': 'large', 'url': 'https://cdn.benzinga.com/files/imagecache/2048x1536xUP/images/story/2023/08/21/nvidia_chart_shutter.jpg'}, {'size': 'small', 'url': 'https://cdn.benzinga.com/files/imagecache/1024x768xUP/images/story/2023/08/21/nvidia_chart_shutter.jpg'}, {'size': 'thumb', 'url': 'https://cdn.benzinga.com/files/imagecache/250x187xUP/images/story/2023/08/21/nvidia_chart_shutter.jpg'}]",benzinga,"Over the last year, the conversation among investors and analysts has prominently centered on artificial intelligence.","['AAPL', 'AMZN', 'ARKF', 'ARKK', 'ARKQ', 'ARKW', 'ARKX', 'CSCO', 'GOOG', 'GOOGL', 'META', 'MSFT', 'NVDA', 'PATH', 'QQQ', 'SPY', 'TSLA', 'TWLO']",2023-08-21T17:32:25Z,https://www.benzinga.com/etfs/specialty-etfs/23/08/33966459/is-nvidia-overpriced-cathie-woods-ark-invest-points-to-3-other-stocks
47,Shanthi Rexaline,,2023-08-21T17:25:21Z,"US Stocks Mixed, Treasury Yields Soar To More Than A Decade High: What's Driving Markets Monday?",33959699,"[{'size': 'large', 'url': 'https://cdn.benzinga.com/files/imagecache/2048x1536xUP/images/story/2023/Wall_Street_sign_0.jpeg'}, {'size': 'small', 'url': 'https://cdn.benzinga.com/files/imagecache/1024x768xUP/images/story/2023/Wall_Street_sign_0.jpeg'}, {'size': 'thumb', 'url': 'https://cdn.benzinga.com/files/imagecache/250x187xUP/images/story/2023/Wall_Street_sign_0.jpeg'}]",benzinga,"On Monday, U.S. stocks made a cautious attempt at bouncing back following three consecutive weeks of losses. The upward momentum seems uncertain, and the recent increases in Treasury yields are posing challenges for the market bulls. 



The 10-year Treasury yield reached 4.35%, reaching its highest level since October 2007.","['AMC', 'BTCUSD', 'DIA', 'FEZ', 'FXE', 'GLD', 'MRNA', 'NDSN', 'NKLA', 'NVDA', 'PANW', 'QQQ', 'SPY', 'TLT', 'TSLA', 'USO', 'UUP', 'XLE', 'XLK', 'XLRE']",2023-08-21T17:25:26Z,https://www.benzinga.com/news/earnings/23/08/33959699/us-stocks-gear-up-for-rebound-as-traders-eye-nvidia-earnings-jackson-hole-analyst-sees-bond-yield-c
48,Michael Cohen,,2023-08-21T16:00:08Z,Elon Musk: The Unofficial Power Behind US Government Decisions?,33966569,"[{'size': 'large', 'url': 'https://cdn.benzinga.com/files/imagecache/2048x1536xUP/images/story/2023/08/21/musk_capitol_shutter.jpg'}, {'size': 'small', 'url': 'https://cdn.benzinga.com/files/imagecache/1024x768xUP/images/story/2023/08/21/musk_capitol_shutter.jpg'}, {'size': 'thumb', 'url': 'https://cdn.benzinga.com/files/imagecache/250x187xUP/images/story/2023/08/21/musk_capitol_shutter.jpg'}]",benzinga,Elon Musk&#39;s role in the U.S. government and his influence across various industries have become a significant cause for concern.,['TSLA'],2023-08-21T16:08:58Z,https://www.benzinga.com/government/23/08/33966569/elon-musks-shadow-rule-the-unofficial-power-behind-us-government-decisions
49,Vandana Singh,,2023-08-21T15:17:18Z,"Meta's Threads Prepares To Counter Elon Musk's X, Tesla Data Breach Affects Over 75K People, Medical Properties Trust's Prospect Medical Deal On Hold: Today's Top Stories",33964463,"[{'size': 'large', 'url': 'https://cdn.benzinga.com/files/imagecache/2048x1536xUP/images/story/2023/08/21/elon_musk_twitter_created_with_artificial_intelligence_on_midjourney_and_ink_drop_on_shutterstock.jpg'}, {'size': 'small', 'url': 'https://cdn.benzinga.com/files/imagecache/1024x768xUP/images/story/2023/08/21/elon_musk_twitter_created_with_artificial_intelligence_on_midjourney_and_ink_drop_on_shutterstock.jpg'}, {'size': 'thumb', 'url': 'https://cdn.benzinga.com/files/imagecache/250x187xUP/images/story/2023/08/21/elon_musk_twitter_created_with_artificial_intelligence_on_midjourney_and_ink_drop_on_shutterstock.jpg'}]",benzinga,Wall Street Journal,"['AMZN', 'C', 'CLF', 'DD', 'DIS', 'FDX', 'GM', 'GS', 'KHC', 'META', 'MPW', 'ODFL', 'RITM', 'SCU', 'TSLA', 'UPS', 'WMT', 'X', 'YELL']",2023-08-21T15:22:07Z,https://www.benzinga.com/m-a/23/08/33964463/metas-threads-prepares-to-counter-elon-musks-x-tesla-data-breach-affected-over-75k-people-medical-pr
